{
  "vehicles": [
    {
      "id": 0,
      "start": [6.9389980, 50.9364986],
      "end": [6.9389980, 50.9364986],
      "capacity": [4]
    }
  ],
  "shipments": [
    {
      "amount" : [1],
      "pickup" : {
        "id" : 0,
        "location": [6.9450656,50.9471084],
        "time_windows": [[1703451600, 1703451660]]
      },
      "delivery" : {
        "id" : 1,
        "location": [6.9347184, 50.9426359],
        "time_windows": [[1703451600, 1703452500]]
      }
    },
    {
      "amount" : [1],
      "pickup" : {
        "id" : 2,
        "location": [6.9816977, 50.9332972],
        "time_windows": [[1703455200, 1703455260]]
      },
      "delivery" : {
        "id" : 3,
        "location": [6.9921250, 50.9252228],
        "time_windows": [[1703455200, 1703456400]]
      }
    },
    {
      "amount" : [1],
      "pickup" : {
        "id" : 4,
        "location": [6.9622812, 50.9362098],
        "time_windows": [[1703453400, 1703453700]]
      },
      "delivery" : {
        "id" : 5,
        "location": [6.9701213, 50.9364824],
        "time_windows": [[1703453400, 1703454300]]
      }
    }
  ]
}





